model,image_count,psnr,ssim,mae,mse
retinexnet,100,15.950394603752697,0.6524225625768534,0.13957375,0.028365994
